{
  "family": "dark_oak",
  "generate_seed": true,
  "generate_sapling": true,
  "tapering": 0.15,
  "signal_energy": 14.0,
  "up_probability": 4,
  "lowest_branch_height": 4,
  "growth_rate": 1.05,
  "leaves_properties": "dttraverse:red_autumnal",
  "environment_factors" : {
    "hot": 0.5,
    "dry": 0.5,
    "forest": 1.05
  },
  "seed_drop_rarity": 1.0,
  "stick_drop_rarity": 1.0,
  "perfect_biomes": { "name": "traverse:autumnal_wood.*" },
  "primitive_sapling": "traverse:red_autumnal_sapling",
  "features" : [
    {
      "name": "rot_soil",
      "properties": {
        "rotten_soil": "podzol"
      }
    },
    "mushroom_rot",
    "bee_nest"
  ]
}